l_english:
 #--------------------------------------------
 # Cultures
 #--------------------------------------------
 culture_group_old_ones: "N'raqi"
 culture_nraqi: "N'raqi"

 culture_group_human: "Human"
 culture_stormwindian: "Azerothian"
 culture_gilnean: "Gilnean"
 culture_arathi: "Stromic"
 culture_kul_tiran: "Tirasian"
 culture_lordaeron: "Lordaeron"
 culture_alterac: "Alteraci"
 culture_dalaran: "Dalaran"
 culture_arathorian: "Arathorian"
 culture_theramorean: "Theramorean"
 
 culture_group_darnassian: "Darnassian"
 culture_night_elf: "Night Elf"
 culture_sentinel: "Sentinel"
 culture_cenarion: "Cenarion"
 culture_highbourne: "Highbourne"
 
 culture_group_thalassian: "Thalassian"
 culture_high_elf: "High Elf"
 culture_blood_elf: "Blood Elf"
 culture_wretched: "Wretched"
 culture_void_elf: "Void Elf"
 
 culture_group_vrykul: "Vrykul"
 culture_vrykul: "Vrykul"
 culture_kvaldir: "Kvaldir"
 culture_vargul: "Vargul"
 culture_frost_vrykul: "Frost Vrykul"
 culture_valarjar: "Valarjar"
 
 culture_group_drust: "Drust"
 culture_drust: "Drust"
 culture_thornspeaker: "Thornspeaker"
 
 culture_group_orc: "Orc"
 culture_orc: "Orc"
 culture_maghar_orc: "Mag'har Orc"
 culture_mok_nathal: "Mok'Nathal"
 culture_fel_orc: "Fel Orc"
 
 culture_group_ogre: "Ogre"
 culture_ogre: "Ogre"
 culture_twilight_cultist: "Twilight Ogre"
 culture_gronn: "Gronn"
 culture_high_ogre: "High Ogre"
 
 culture_group_draenei: "Draenei"
 culture_draenei: "Draenei"
 culture_lightforged: "Lightforged"
 
 culture_group_broken: "Broken"
 culture_broken: "Broken"
 culture_lost_one: "Lost One"
 
 culture_group_troll: "Troll"
 culture_forest_troll: "Forest Troll"
 culture_jungle_troll: "Jungle Troll"
 culture_sand_troll: "Sand Troll"
 culture_frost_troll: "Frost Troll"
 culture_dark_troll: "Dark Troll"
 culture_zandalari_troll: "Zandalari Troll"
 culture_blood_troll: "Blood Troll"
 
 culture_group_goblin: "Goblin"
 culture_goblin: "Goblin"
 culture_gilblin: "Gilblin"
 
 culture_group_tauren: "Tauren"
 culture_tauren: "Kalimdor Tauren"
 culture_highmountain_tauren: "Highmountain Tauren"
 
 culture_group_aqir: "Aqir"
 culture_qiraji: "Qiraji"
 culture_silithid: "Silithid"
 
 culture_group_nerubian: "Nerubian"
 culture_nerubian: "Nerubian"
 
 culture_group_mantid: "Mantid"
 culture_mantid: "Mantid"
 culture_klaxxi: "Klaxxi"
 
 culture_group_demonic: "Demonic"
 culture_eredar: "Man'ari"
 culture_dreadlord: "Nathrezim"
 culture_doomguard: "Ered'ruin"
 culture_moarg: "Mo'arg"
 culture_shivarra: "Shivarra"
 culture_pit_lord: "Annihilan"
 culture_legion_cultist: "Fel Cultist"
 culture_fel_orc: "Fel Orc"
 culture_felblood_elf: "Felblood Elf"
 
 culture_group_demon_hunter: "Demon Hunters"
 culture_illidari: "Illidari"
 
 culture_group_satyr: "Satyr"
 culture_satyr: "Satyr"
 
 culture_group_naga: "Naga"
 culture_nazja: "Nazja"
 culture_vashjari: "Vashjari"
 culture_zoram: "Zoram"
 culture_azsharan: "Azsharan"
 
 culture_group_murloc: "Murloc"
 culture_murloc: "Murloc"
 culture_murghoul: "Mur'ghoul"
 
 culture_group_jinyu: "Jinyu"
 culture_jinyu: "Jinyu"
 
 culture_group_lobstrok: "Lobstrok"
 culture_makrura: "Makrura"
 culture_bogstrok: "Bogstrok"
 
 culture_group_scourge: "Scourge"
 culture_scourge: "Scourge"
 culture_death_knight: "Death Knight"
 culture_cultist: "Necromantic Cultist"
 culture_vargul: "Ymirjar"
 
 culture_group_dragonkin: "Dragon"
 culture_black_dragonflight: "Black Dragonflight"
 culture_blue_dragonflight: "Blue Dragonflight"
 culture_bronze_dragonflight: "Bronze Dragonflight"
 culture_green_dragonflight: "Green Dragonflight"
 culture_red_dragonflight: "Red Dragonflight"
 culture_twilight_dragonflight: "Twilight Dragonflight"
 culture_netherwing_dragonflight: "Netherwing Dragonflight"
 culture_storm_dragonflight: "Storm Dragon"
 culture_infinite_dragonflight: "Infinite Dragonflight"
 
 culture_group_undead: "Undead"
 culture_forsaken: "Undead"
 culture_undead_human: "Undead Human"
 culture_undead_troll: "Undead Troll"
 culture_undead_gnoll: "Undead Gnoll"
 
 culture_group_crypt_fiends: "Crypt Fiend"
 culture_crypt_fiend: "Crypt Fiend"
 
 culture_group_ghost: "Ghost"
 culture_revenant: "Revenant"
 culture_ghost: "Ghost"
 
 culture_group_gnoll: "Gnoll"
 culture_gnoll: "Gnoll"
  
 culture_group_centaur: "Centaur"
 culture_centaur: "Centaur"
 
 culture_group_furbolg: "Furbolg"
 culture_furbolg: "Furbolg"
 culture_snow_furbolg: "Snow Furbolg"
 culture_corrupted_furbolg: "Corrupted Furbolg"
 
 culture_group_wolvar: "Wolvar"
 culture_wolvar: "Wolvar"
 
 culture_group_gorloc: "Gorloc"
 culture_gorloc: "Gorloc"

 culture_group_kobold: "Kobold"
 culture_kobold: "Kobold"
 culture_ice_kobold: "Ice Kobold"
 
 culture_group_magnataur: "Magnataur"
 culture_magnataur: "Magnataur"
 
 culture_group_harpy: "Harpy"
 culture_harpy: "Harpy"
 culture_dust_harpy: "Dust Harpy"
 culture_ice_harpy: "Ice Harpy"
 
 culture_group_quillboar: "Quillboar"
 culture_quillboar: "Quillboar"
 
 culture_group_dwarven: "Dwarven"
 culture_ironforge: "Ironforge"
 culture_wildhammer: "Wildhammer"
 culture_dark_iron: "Dark Iron"
 
 culture_group_trogg: "Trogg"
 culture_trogg: "Trogg"
 
 culture_group_grummle: "Grummle"
 culture_grummle: "Grummle"
 
 culture_group_titan: "Titan"
 culture_ulduar: "Ulduar"
 culture_uldum: "Uldum"
 culture_uldir: "Uldir"
 
 culture_group_earthen: "Earthen"
 culture_stone_earthen: "Stone Earthen"
 culture_iron_earthen: "Iron Army"
 culture_frostborn: "Frostborn"
 
 culture_group_fire: "Fire"
 culture_group_earth: "Earth"
 culture_group_water: "Water"
 culture_group_air: "Air"
 culture_group_nature: "Nature"
 culture_group_sha: "Sha"
 culture_fire: "Fire"
 culture_earth: "Earth"
 culture_water: "Water"
 culture_wind: "Air"
 culture_sprite: "Sprite"
 culture_bog_beast: "Bog Beast"
 culture_ooze: "Ooze"
 culture_treant: "Treant"
 culture_uldaman: "Construct"
 culture_sha: "Sha"
 
 # Why not simply Gilnean? Becouse we will know way faster which we want in game
 culture_group_worgen: "Worgen"
 culture_wolfcult: "Wolfcult"
 culture_gilnean_worgen: "Gilnean Worgen"
 culture_lordaeron_worgen: "Lordaeron Worgen"
 culture_alterac_worgen: "Alteraci Worgen"
 culture_dalaran_worgen: "Dalaran Worgen"
 culture_kul_tiran_worgen: "Tirasian Worgen"
 culture_azerothian_worgen: "Azerothian Worgen"
 culture_arathi_worgen: "Stormic Worgen"
 
 culture_group_arrakoa: "Arakkoa"
 culture_arrakoa: "Arrakoa"
 
 culture_group_fallen_arrakoa: "Fallen Arrakoa"
 culture_fallen_arrakoa: "Fallen Arrakoa"
 
 culture_group_tuskarr: "Tuskarr"
 culture_tuskarr: "Tuskarr"
 
 culture_group_pandaren: "Pandaren"
 culture_pandaren: "Pandaren"
 culture_shado_pan: "Shado-Pan"
 
 culture_group_mogu: "Mogu"
 culture_mogu: "Mogu"
 
 culture_group_yaungol: "Yaungol"
 culture_yaungol: "Yaungol"
 
 culture_group_ethereal: "Ethereal"
 culture_ethereal: "Ethereal"
 
 culture_group_gnomish: "Gnomish"
 culture_group_mecha_gnomish: "Mecha-Gnomish"
 culture_gnome: "Gnome"
 culture_leper_gnome: "Leper Gnome"
 culture_mecha_gnome: "Mechagnome"
 
 culture_group_hozen: "Hozen"
 culture_forest_hozen: "Forest Hozen"
 culture_mountain_hozen: "Mountain Hozen"

 culture_group_saurok: "Saurok"
 culture_saurok: "Saurok"

 culture_group_taunka: "Taunka"
 culture_taunka: "Taunka"

 culture_group_ice_giant: "Frozen Giants"
 culture_frost_giant: "Frost Giant"
 culture_ice_giant: "Ice Giant"
 
 culture_group_sea_giant: "Sea Giants"
 culture_sea_giant: "Sea Giant"
 
 culture_group_earth_giant: "Earthen Giants"
 culture_mountain_giant: "Mountain Giant"

 culture_group_dryad: "Dyrad"
 culture_forest_nymph: "Forest Nypmh"
 culture_frost_nymph: "Frost Nymph"
 culture_crystal_nymph: "Crystal Nypmh"

 culture_group_virmen: "Virmen"
 culture_virmen: "Virmen"
 
 culture_group_void: "Void"
 culture_voidwalker: "Voidwalker"

 culture_group_zangar: "Zangar"
 culture_sporeling: "Sporeling"
 culture_fungal_giant: "Fungal Giant"
 
 culture_group_tol_vir: "Tol'vir"
 culture_tolvir: "Tol'vir"
 culture_stone_tolvir: "Stone Tol'vir"
 
 culture_group_pygmy: "Pygmy"
 culture_sand_pygmy: "Sand Pygmy"
 culture_island_pygmy: "Island Pygmy"
 
 culture_group_drogbar: "Drogbar"
 culture_drogbar: "Drogbar"
 
 culture_group_shalassian: "Shalassian"
 culture_nightborne: "Nightborne"
 culture_felborne: "Felborne"
 culture_nightfallen: "Nightfallen"
 culture_withered: "Withered"
 
 culture_group_faldorei: "Fal'dorei"
 culture_faldorei: "Fal'dorei"

 culture_group_loa: "Wild Gods"
 culture_loa: "Loa"
 
 culture_group_vulpera: "Vulpera"
 culture_vulpera: "Vulpera"
 
 culture_group_sethrak: "Sethrak"
 culture_sethrak: "Sethrak"
 
 culture_group_tortollan: "Tortollan"
 culture_tortollan: "Tortollan"
 
 culture_group_fungarian: "Fungarian"
 culture_fungarian: "Fungarian"
 
 culture_group_twilight: "Twilight"
 culture_twilight_cultist: "Twilight Cultist"
 
 culture_group_botani: "Botani"
 culture_botani: "Botani"
 culture_podling: "Podling"
 
 culture_group_saberon: "Saberon"
 culture_saberon: "Saberon"
 
 culture_group_multicultural: "Multicultural"
 culture_imperial_pandaria: "Imperial"