l_english:
 #-----------------------------------------------
 # Natives
 #-----------------------------------------------
 native_generic_icon: "Natives"
 native_troll_icon: "Natives"
 natives_night_elf_icon: "Natives"
 natives_dragonkin_icon: "Natives"
 natives_ogre_icon: "Natives"
 natives_pandaren_icon: "Natives"
 
 #-----------------------------------------------
 # Colonial Regions
 #-----------------------------------------------
 colonial_glimmering_isles: "Glimmering Isles"
 colonial_ruby_isles: "Ruby Isles"
 colonial_emerald_isles: "Emerald Isles"
 colonial_shattered_isles: "Shattered Isles"
 
 #-----------------------------------------------
 # Continents
 #-----------------------------------------------
 continent_eastern_kingdoms: "Eastern Kingdoms"
 continent_kalimdor: "Kalimdor"
 continent_northrend: "Northrend"
 continent_pandaria: "Pandaria"
 continent_broken_isles: "Broken Isles"
 continent_zandalar: "Zandalar"
 continent_kul_tiras: "Kul Tiras"
 continent_nazjatar: "Nazjatar"
 continent_south_seas: "South Seas"
 continent_paradise_isles: "Paradise Isles"
 continent_plunder_isle: "Plunder Isle"
 continent_deepholm: "Deepholm"
 continent_kezan: "Kezan"
 continent_lost_isles: "Lost Isles"
 continent_vashjir: "Vash'jir"
 continent_draenor: "Draenor"
 continent_outland: "Outland"
 continent_dragon_isles: "Dragon Isles"
 
 #-----------------------------------------------
 # Province Groups
 #-----------------------------------------------
 blackrock_spawn: ""
 bleeding_hollow_spawn: ""
 twilights_hammer_spawn: ""
 shadow_council_spawn: ""
 twilight_hammer_draenei_holdings: ""
 shadow_council_draenei_holdings: ""
 scourge_homeland: "Scourge Homeland"
 
 ek_lakes: "Lakes: Eastern Kingdoms"
 ek_wasteland: "Wasteland: Eastern Kingdoms"
 kalimdor_lakes: "Lakes: Kalimdor"
 kalimdor_wasteland: "Wasteland: Kalimdor"
 northrend_lakes: "Lakes: Northrend"
 northrend_wasteland: "Wasteland: Northrend"
 zandalar_lakes: "Lakes: Zandalar"
 zandalar_wasteland: "Wasteland: Zandalar"
 broken_isles_lakes: "Lakes: Broken Isles"
 broken_isles_wasteland: "Wasteland: Broken Isles"
 maelstrom_lakes: "Lakes: Maelstrom"
 maelstrom_wasteland: "Wasteland: Maelstrom"
 south_sea_lakes: "Lakes: South Seas"
 south_sea_wasteland: "Wasteland: South Seas"
 pandaria_lakes: "Lakes: Pandaria"
 pandaria_wasteland: "Wasteland: Pandaria"
 draenor_lakes: "Lakes: Draenor"
 draenor_wasteland: "Wasteland: Draenor"
 outland_lakes: "Lakes: Outland"
 outland_wasteland: "Wasteland: Outland"
 
 silver_hand_provinces: "Provinces: Silver Hand"
 
 #-----------------------------------------------
 # Superregions
 #-----------------------------------------------
 eastern_kingdom_superregion: "Eastern Kingdoms"
 eastern_kingdom_superregion_name: "Eastern Kingdoms"
 eastern_kingdom_superregion_adj: "Eastern Kingdoms"
 
 kalimdor_superregion: "Kalimdor"
 kalimdor_superregion_name: "Kalimdor"
 kalimdor_superregion_adj: "Kalimdor"
 
 northrend_superregion: "Northrend"
 northrend_superregion_name: "Northrend"
 northrend_superregion_adj: "Northrend"
 
 outland_superregion: "Outland"
 outland_superregion_name: "Outland"
 outland_superregion_adj: "Outland"
 
 draenor_superregion: "Draenor"
 draenor_superregion_name: "Draenor"
 draenor_superregion_adj: "Draenor"
 
 pandaria_superregion: "Pandaria"
 pandaria_superregion_name: "Pandaria"
 pandaria_superregion_adj: "Pandaria"
 
 zandalar_superregion: "Zandalar"
 zandalar_superregion_name: "Zandalar"
 zandalar_superregion_adj: "Zandalar"
 
 broken_isles_superregion: "Broken Isles"
 broken_isles_superregion_name: "Broken Isles"
 broken_isles_superregion_adj: "Broken"
 
 south_seas_superregion: "South Seas"
 south_seas_superregion_name: "South Seas"
 south_seas_superregion_adj: "Southern"
 
 plunder_isle_superregion: "Plunder Isle"
 plunder_isle_superregion_name: "Plunder Isle"
 plunder_isle_superregion_adj: "Plunder Isle"
 
 paradise_isles_superregion: "Paradise Isles"
 paradise_isles_superregion_name: "Paradise Isles"
 paradise_isles_superregion_adj: "Paradise"
 
 deepholm_superregion: "Deepholm"
 deepholm_superregion_name: "Deepholm"
 deepholm_superregion_adj: "Deepholm"
 
 vashjir_superregion: "Vash'jir"
 vashjir_superregion_name: "Vash'jir"
 vashjir_superregion_adj: "Vash'jir"
 
 nazjatar_superregion: "Nazjatar"
 nazjatar_superregion_name: "Nazjatar"
 nazjatar_superregion_adj: "Nazjatar"
 
 dragon_isles_superregion: "Dragon Isles"
 dragon_isles_superregion_name: "Dragon Isles"
 dragon_isles_superregion_adj: "Dragon"
 
 hidden_sea_superregion: "Draconic Sea"
 hidden_sea_superregion_name: "Draconic Sea"
 hidden_sea_superregion_adj: "Draconic Sea"
 
 ocean_superregion: "Oceans"
 ocean_superregion_name: "Oceans"
 ocean_superregion_adj: "Oceans"
 
 coast_superregion: "Coastal Seas"
 coast_superregion_name: "Coastal Seas"
 coast_superregion_adj: "Coastal Seas"
 
 #-----------------------------------------------
 # Regions
 #-----------------------------------------------
 new_world_superregion: "New World"
 new_world_superregion_name: "New World"
 new_world_superregion_adj: "New"
 
 # Eastern Kingdoms
 region_isle_of_quel_danas: "Isle of Quel'Danas"
 region_isle_of_quel_danas_name: "Isle of Quel'Danas"
 region_isle_of_quel_danas_adj: "Isle of Quel'Danas"
 
 region_eversong_woods: "Eversong Woods"
 region_eversong_woods_name: "Eversong Woods"
 region_eversong_woods_adj: "Eversong Woods"
 
 region_ghostlands: "Ghostlands"
 region_ghostlands_name: "Ghostlands"
 region_ghostlands_adj: "Ghostlands"
 
 region_zulaman: "Zul'Aman"
 region_zulaman_name: "Zul'Aman"
 region_zulaman_adj: "Zul'Aman"
 
 region_eastern_plaguelands: "Stratholme"
 region_eastern_plaguelands_name: "Stratholme"
 region_eastern_plaguelands_adj: "Stratholme"
 
 region_western_plaguelands: "Andorhal"
 region_western_plaguelands_name: "Andorhal"
 region_western_plaguelands_adj: "Andorhal"
 
 region_tirisfal_glades: "Tirisfal Glades"
 region_tirisfal_glades_name: "Tirisfal Glades"
 region_tirisfal_glades_adj: "Tirisfal Glades"
 
 region_silverpine_forest: "Silverpine Forest"
 region_silverpine_forest_name: "Silverpine Forest"
 region_silverpine_forest_adj: "Silverpine Forest"
 
 region_alterac_mountains: "Alterac Mountains"
 region_alterac_mountains_name: "Alterac Mountains"
 region_alterac_mountains_adj: "Alterac Mountains"
 
 region_hillsbrad_foothills: "Hillsbrad Foothills"
 region_hillsbrad_foothills_name: "Hillsbrad Foothills"
 region_hillsbrad_foothills_adj: "Hillsbrad Foothills"
 
 region_gilneas: "Gilneas"
 region_gilneas_name: "Gilneas"
 region_gilneas_adj: "Gilneas"
 
 region_tol_barad: "Tol Barad"
 region_tol_barad_name: "Tol Barad"
 region_tol_barad_adj: "Tol Barad"
 
 region_zul_dare: "Zul'Dare"
 region_zul_dare_name: "Zul'Dare"
 region_zul_dare_adj: "Zul'Dare"
 
 region_kul_tiras: "Kul Tiras"
 region_kul_tiras_name: "Kul Tiras"
 region_kul_tiras_adj: "Kul Tiras"
 
 region_arathi_highlands: "Arathi Highlands"
 region_arathi_highlands_name: "Arathi Highlands"
 region_arathi_highlands_adj: "Arathi Highlands"
 
 region_the_hinterlands: "The Hinterlands"
 region_the_hinterlands_name: "The Hinterlands"
 region_the_hinterlands_adj: "The Hinterlands"
 
 region_wetlands: "Wetlands"
 region_wetlands_name: "Wetlands"
 region_wetlands_adj: "Wetlands"
 
 region_twilight_highlands: "Twilight Highlands"
 region_twilight_highlands_name: "Twilight Highlands"
 region_twilight_highlands_adj: "Twilight Highlands"
 
 region_loch_modan: "Loch Modan"
 region_loch_modan_name: "Loch Modan"
 region_loch_modan_adj: "Loch Modan"
 
 region_dun_morogh: "Dun Morogh"
 region_dun_morogh_name: "Dun Morogh"
 region_dun_morogh_adj: "Dun Morogh"
 
 region_badlands: "Badlands"
 region_badlands_name: "Badlands"
 region_badlands_adj: "Badlands"
 
 region_searing_gorge: "Searing Gorge"
 region_searing_gorge_name: "Searing Gorge"
 region_searing_gorge_adj: "Searing Gorge"
 
 region_burning_steppes: "Burning Steppes"
 region_burning_steppes_name: "Burning Steppes"
 region_burning_steppes_adj: "Burning Steppes"
 
 region_redridge_mountains: "Redridge Mountains"
 region_redridge_mountains_name: "Redridge Mountains"
 region_redridge_mountains_adj: "Redridge Mountains"
 
 region_elwynn_forest: "Elwynn Forest"
 region_elwynn_forest_name: "Elwynn Forest"
 region_elwynn_forest_adj: "Elwynn Forest"
 
 region_swamp_of_sorrows: "Swamp of Sorrows"
 region_swamp_of_sorrows_name: "Swamp of Sorrows"
 region_swamp_of_sorrows_adj: "Swamp of Sorrows"
 
 region_blasted_lands: "Black Morass"
 region_blasted_lands_name: "Black Morass"
 region_blasted_lands_adj: "Black Morass"
 
 region_deadwind_pass: "Deadwind Pass"
 region_deadwind_pass_name: "Deadwind Pass"
 region_deadwind_pass_adj: "Deadwind Pass"
 
 region_duskwood: "Duskwood"
 region_duskwood_name: "Duskwood"
 region_duskwood_adj: "Duskwood"
 
 region_westfall: "Westfall"
 region_westfall_name: "Westfall"
 region_westfall_adj: "Westfall"
 
 region_stranglethorn_vale: "Stranglethorn Vale"
 region_stranglethorn_vale_name: "Stranglethorn Vale"
 region_stranglethorn_vale_adj: "Stranglethorn Vale"
 
 region_mechagon: "Mechagon"
 region_mechagon_name: "Mechagon"
 region_mechagon_adj: "Mechagon"
 
 region_zulaman: "Zul'Aman"
 region_zulaman_name: "Zul'Aman"
 region_zulaman_adj: "Zul'Aman"
 
 # Kalimdor
 region_teldrassil: "Teldrassil"
 region_teldrassil_name: "Teldrassil"
 region_teldrassil_adj: "Teldrassil"
 
 region_bloodmyst_isle: "Bloodmyst Isle"
 region_bloodmyst_isle_name: "Bloodmyst Isle"
 region_bloodmyst_isle_adj: "Bloodmyst Isle"
 
 region_azuremyst_isle: "Azuremyst Isle"
 region_azuremyst_isle_name: "Azuremyst Isle"
 region_azuremyst_isle_adj: "Azuremyst Isle"
 
 region_moonglade: "Moonglade"
 region_moonglade_name: "Moonglade"
 region_moonglade_adj: "Moonglade"
 
 region_darkshore: "Darkshore"
 region_darkshore_name: "Darkshore"
 region_darkshore_adj: "Darkshore"
 
 region_winterspring: "Winterspring"
 region_winterspring_name: "Winterspring"
 region_winterspring_adj: "Winterspring"
 
 region_felwood: "Felwood"
 region_felwood_name: "Felwood"
 region_felwood_adj: "Felwood"
 
 region_mount_hyjal: "Mount Hyjal"
 region_mount_hyjal_name: "Mount Hyjal"
 region_mount_hyjal_adj: "Mount Hyjal"
 
 region_ashenvale: "Ashenvale"
 region_ashenvale_name: "Ashenvale"
 region_ashenvale_adj: "Ashenvale"
 
 region_azshara: "Azshara"
 region_azshara_name: "Azshara"
 region_azshara_adj: "Azshara"
 
 region_durotar: "Durotar"
 region_durotar_name: "Durotar"
 region_durotar_adj: "Durotar"
 
 region_north_barrens: "North Barrens"
 region_north_barrens_name: "North Barrens"
 region_north_barrens_adj: "North Barrens"
 
 region_south_barrens: "South Barrens"
 region_south_barrens_name: "South Barrens"
 region_south_barrens_adj: "South Barrens"
 
 region_stonetalon_mountains: "Stonetalon Mountains"
 region_stonetalon_mountains_name: "Stonetalon Mountains"
 region_stonetalon_mountains_adj: "Stonetalon Mountains"
 
 region_desolace: "Desolace"
 region_desolace_name: "Desolace"
 region_desolace_adj: "Desolace"
 
 region_mulgore: "Mulgore"
 region_mulgore_name: "Mulgore"
 region_mulgore_adj: "Mulgore"
 
 region_dustwallow_marsh: "Dustwallow Marsh"
 region_dustwallow_marsh_name: "Dustwallow Marsh"
 region_dustwallow_marsh_adj: "Dustwallow Marsh"
 
 region_thousand_needles: "Thousand Needles"
 region_thousand_needles_name: "Thousand Needles"
 region_thousand_needles_adj: "Thousand Needles"
 
 region_feralas: "Feralas"
 region_feralas_name: "Feralas"
 region_feralas_adj: "Feralas"
 
 region_silithus: "Silithus"
 region_silithus_name: "Silithus"
 region_silithus_adj: "Silithus"
 
 region_ungoro_crater: "Un'goro Crater"
 region_ungoro_crater_name: "Un'goro Crater"
 region_ungoro_crater_adj: "Un'goro Crater"
 
 region_tanaris: "Tanaris"
 region_tanaris_name: "Tanaris"
 region_tanaris_adj: "Tanaris"
 
 region_uldum: "Uldum"
 region_uldum_name: "Uldum"
 region_uldum_adj: "Uldum"
 
 # Northrend
 region_borean_tundra: "Borean Tundra"
 region_borean_tundra_name: "Borean Tundra"
 region_borean_tundra_adj: "Borean Tundra"
 
 region_wintergrasp: "Wintergrasp"
 region_wintergrasp_name: "Wintergrasp"
 region_wintergrasp_adj: "Wintergrasp"
 
 region_dragonblight: "Dragonblight"
 region_dragonblight_name: "Dragonblight"
 region_dragonblight_adj: "Dragonblight"
 
 region_sholazar_basin: "Sholazar Basin"
 region_sholazar_basin_name: "Sholazar Basin"
 region_sholazar_basin_adj: "Sholazar Basin"
 
 region_icecrown: "Icecrown"
 region_icecrown_name: "Icecrown"
 region_icecrown_adj: "Icecrown"
 
 region_storm_peak: "Storm Peak"
 region_storm_peak_name: "Storm Peak"
 region_storm_peak_adj: "Storm Peak"
 
 region_zuldrak: "Zul'Drak"
 region_zuldrak_name: "Zul'Drak"
 region_zuldrak_adj: "Zul'Drak"
 
 region_grizzly_hills: "Grizzly Hills"
 region_grizzly_hills_name: "Grizzly Hills"
 region_grizzly_hills_adj: "Grizzly Hills"
 
 region_crystalsong: "Crystalsong"
 region_crystalsong_name: "Crystalsong"
 region_crystalsong_adj: "Crystalsong"
 
 region_howling_fjord: "Howling Fjord"
 region_howling_fjord_name: "Howling Fjord"
 region_howling_fjord_adj: "Howling Fjord"
 
 # Outland
 region_hellfire_peninsula: "Hellfire Peninsula"
 region_hellfire_peninsula_name: "Hellfire Peninsula"
 region_hellfire_peninsula_adj: "Hellfire Peninsula"
 
 region_zangarmarsh: "Zangarmarsh"
 region_zangarmarsh_name: "Zangarmarsh"
 region_zangarmarsh_adj: "Zangarmarsh"
 
 region_terokkar_forest: "Terokkar"
 region_terokkar_forest_name: "Terokkar"
 region_terokkar_forest_adj: "Terokkar"
 
 region_nagrand: "Nagrand"
 region_nagrand_name: "Nagrand"
 region_nagrand_adj: "Nagrand"
 
 region_shadowmoon_valley: "Shadowmoon Valley"
 region_shadowmoon_valley_name: "Shadowmoon Valley"
 region_shadowmoon_valley_adj: "Shadowmoon Valley"
 
 region_blades_edge_mountains: "Blades Edge Mountains"
 region_blades_edge_mountains_name: "Blades Edge Mountains"
 region_blades_edge_mountains_adj: "Blades Edge Mountains"
 
 region_netherstorm: "Netherstorm"
 region_netherstorm_name: "Netherstorm"
 region_netherstorm_adj: "Netherstorm"

 # Pandaria
 region_hidden_valley: "Hidden Valley"
 region_hidden_valley_name: "Hidden Valley"
 region_hidden_valley_adj: "Hidden Valley"
 
 region_isle_of_thunder: "Isle of Thunder"
 region_isle_of_thunder_name: "Isle of Thunder"
 region_isle_of_thunder_adj: "Isle of Thunder"
 
 region_isle_of_giants: "Isle of Giants"
 region_isle_of_giants_name: "Isle of Giants"
 region_isle_of_giants_adj: "Isle of Giants"
 
 region_jade_forest: "The Jade Forest"
 region_jade_forest_name: "The Jade Forest"
 region_jade_forest_adj: "The Jade Forest"
 
 region_valley_of_the_four_winds: "Valley of the Four Winds"
 region_valley_of_the_four_winds_name: "Valley of the Four Winds"
 region_valley_of_the_four_winds_adj: "Valley of the Four Winds"
 
 region_krasarang_wilds: "Krasarang Wilds"
 region_krasarang_wilds_name: "Krasarang Wilds"
 region_krasarang_wilds_adj: "Krasarang Wilds"
 
 region_dread_wastes: "Dread Wastes"
 region_dread_wastes_name: "Dread Wastes"
 region_dread_wastes_adj: "Dread Wastes"
 
 region_vale_of_eternal_blossoms: "Vale of Eternal Blossoms"
 region_vale_of_eternal_blossoms_name: "Vale of Eternal Blossoms"
 region_vale_of_eternal_blossoms_adj: "Vale of Eternal Blossoms"
 
 region_townlong_steppes: "Townlong Steppes"
 region_townlong_steppes_name: "Townlong Steppes"
 region_townlong_steppes_adj: "Townlong Steppes"
 
 region_kun_lai_summit: "Kun-lai Summit"
 region_kun_lai_summit_name: "Kun-lai Summit"
 region_kun_lai_summit_adj: "Kun-lai Summit"
 
 region_timeless_isle: "Timeless isle"
 region_timeless_isle_name: "Timeless isle"
 region_timeless_isle_adj: "Timeless"
 
 # Zandalar
 region_zuldazar: "Zuldazar"
 region_zuldazar_name: "Zuldazar"
 region_zuldazar_adj: "Zuldazar"
 
 region_nazmir: "Nazmir"
 region_nazmir_name: "Nazmir"
 region_nazmir_adj: "Nazmir"
 
 region_voldun: "Vol'dun"
 region_voldun_name: "Vol'dun"
 region_voldun_adj: "Vol'dun"
 
 # South Seas
 region_south_sea_islands: "South Sea"
 region_south_sea_islands_name: "South Sea"
 region_south_sea_islands_adj: "South Sea"
 
 region_kezan: "Kezan"
 region_kezan_name: "Kezan"
 region_kezan_adj: "Kezan"
 
 region_lost_isles: "The Lost Isles"
 region_lost_isles_name: "The Lost Isles"
 region_lost_isles_adj: "The Lost Isles"
 
 # Darkspear Isles
 region_darkspear_isles: "Darkspear Isles"
 region_darkspear_isles_name: "Darkspear Isles"
 region_darkspear_isles_adj: "Darkspear Isles"
 
 # Dragon Isles
 region_glimmering_isles: "Glimmering Isles"
 region_glimmering_isles_name: "Glimmering Isles"
 region_glimmering_isles_adj: "Glimmering Isles"
 
 region_ruby_isles: "Ruby Isles"
 region_ruby_isles_name: "Ruby Isles"
 region_ruby_isles_adj: "Ruby Isles"
 
 region_emerald_isles: "Emerald Isles"
 region_emerald_isles_name: "Emerald Isles"
 region_emerald_isles_adj: "Emerald Isles"
 
 region_shattered_isles: "Shattered Isles"
 region_shattered_isles_name: "Shattered Isles"
 region_shattered_isles_adj: "Shattered Isles"
 
 # Deepholm
 region_deepholm: "Deepholm"
 region_deepholm_name: "Deepholm"
 region_deepholm_adj: "Deepholm"
 
 # Vashjir
 region_vashjir: "Vash'jir"
 region_vashjir_name: "Vash'jir"
 region_vashjir_adj: "Vash'jir"
 
 # Nazjatar
 region_nazjatar: "Nazjatar"
 region_nazjatar_name: "Nazjatar"
 region_nazjatar_adj: "Nazjatar"
 
 # Plunder Isle
 region_plunder_isle: "Plunder Isle"
 region_plunder_isle_name: "Plunder Isle"
 region_plunder_isle_adj: "Plunder Isle"
 
 # Broken Isles
 region_highmountain: "Highmountain"
 region_highmountain_name: "Highmountain"
 region_highmountain_adj: "Highmountain"
 
 region_valsharah: "Val'sharah"
 region_valsharah_name: "Val'sharah"
 region_valsharah_adj: "Val'sharah"
 
 region_azsuna: "Azsuna"
 region_azsuna_name: "Azsuna"
 region_azsuna_adj: "Azsuna"
 
 region_suramar: "Suramar"
 region_suramar_name: "Suramar"
 region_suramar_adj: "Suramar"
 
 region_stormheim: "Stormheim"
 region_stormheim_name: "Stormheim"
 region_stormheim_adj: "Stormheim"
 
 # Draenor
 region_frostfire_ridge: "Frostfire Ridge"
 region_frostfire_ridge_name: "Frostfire Ridge"
 region_frostfire_ridge_adj: "Frostfire Ridge"
 
 region_gorgrond: "Gorgrond"
 region_gorgrond_name: "Gorgrond"
 region_gorgrond_adj: "Gorgrond"
 
 region_talador: "Talador"
 region_talador_name: "Talador"
 region_talador_adj: "Talador"
 
 region_tanaan_jungle: "Tanaan Jungle"
 region_tanaan_jungle_name: "Tanaan Jungle"
 region_tanaan_jungle_adj: "Tanaan Jungle"
 
 region_ashran: "Ashran"
 region_ashran_name: "Ashran"
 region_ashran_adj: "Ashran"
 
 region_farahlon: "Farahlon"
 region_farahlon_name: "Farahlon"
 region_farahlon_adj: "Farahlon"
 
 region_nagrand_draenor: "Nagrand"
 region_nagrand_draenor_name: "Nagrand"
 region_nagrand_draenor_adj: "Nagrand"
 
 region_spires_of_arak: "Spires of Arak"
 region_spires_of_arak_name: "Spires of Arak"
 region_spires_of_arak_adj: "Spires of Arak"
 
 region_shadowmoon_valley_draenor: "Shadowmoon Valley"
 region_shadowmoon_valley_draenor_name: "Shadowmoon Valley"
 region_shadowmoon_valley_draenor_adj: "Shadowmoon Valley"

 # Sea
 eastern_ocean: "Eastern Ocean"
 eastern_ocean_name: "Eastern Ocean"
 eastern_ocean_adj: "Eastern"
 
 western_ocean: "Western Ocean"
 western_ocean_name: "Western Ocean"
 western_ocean_adj: "Western"
 
 eastern_seas: "Eastern Seas"
 eastern_seas_name: "Eastern Seas"
 eastern_seas_adj: "Eastern"
 
 western_seas: "Western Seas"
 western_seas_name: "Western Seas"
 western_seas_adj: "Western"
 
 northern_seas: "Northern Seas"
 northern_seas_name: "Northern Seas"
 northern_seas_adj: "Northern"
 
 central_seas: "Central Seas"
 central_seas_name: "Central Seas"
 central_seas_adj: "Central"
 
 southern_seas: "Southern Seas"
 southern_seas_name: "Southern Seas"
 southern_seas_adj: "Southern"
 
 pandarian_seas: "Pandarian Seas"
 pandarian_seas_name: "Pandarian Seas"
 pandarian_seas_adj: "Pandarian"
 
 broken_seas: "Broken Seas"
 broken_seas_name: "Broken Seas"
 broken_seas_adj: "Broken"
 
 kul_tiras_seas: "Tirasian Seas"
 kul_tiras_seas_name: "Tirasian Seas"
 kul_tiras_seas_adj: "Tirasian"
 
 zandalar_seas: "Zandalari Seas"
 zandalar_seas_name: "Zandalari Seas"
 zandalar_seas_adj: "Zandalari"
 
 plunder_seas: "Plundering Seas"
 plunder_seas_name: "Plundering Seas"
 plunder_seas_adj: "Plundering"
 
 north_draconic_seas: "Northern Draconic Seas"
 north_draconic_seas_name: "Northern Draconic Seas"
 north_draconic_seas_adj: "Northern Draconic"
 
 east_draconic_seas: "East Draconic Seas"
 east_draconic_seas_name: "East Draconic Seas"
 east_draconic_seas_adj: "East Draconic"
 
 west_draconic_seas: "West Draconic Seas"
 west_draconic_seas_name: "West Draconic Seas"
 west_draconic_seas_adj: "West Draconic"
 
 south_draconic_seas: "South Draconic Seas"
 south_draconic_seas_name: "South Draconic Seas"
 south_draconic_seas_adj: "South Draconic"
 
 outland_seas: "Outland Ocean"
 outland_seas_name: "Outland Ocean"
 outland_seas_adj: "Outland"
 
 draenor_seas: "Draenor Ocean"
 draenor_seas_name: "Draenor Ocean"
 draenor_seas_adj: "Draenor"
 
 #-----------------------------------------------
 # Areas
 #-----------------------------------------------
 # Eastern Kingdoms
 area_upper_quel_danas: "Upper Quel'danas"
 area_lower_quel_danas: "Lower Quel'danas"
 
 area_sunstrider_isle: "Sunstrider Isle"
 area_silvermoon: "Silvermoon"
 area_duskwither_hills: "Duskwither Hills"
 area_west_sanctum: "West Sanctum"
 area_fairbreeze_village: "Fairbreeze Village"
 area_east_sanctum: "East Sanctum"
 area_zeb_watha: "Zen'Watha"
 area_sanctum_of_the_moon: "Sanctum of the Moon"
 
 area_andaroth: "Andaroth"
 area_windrunner_spire: "Windrunner Spire"
 area_deatholme: "Deatholme"
 area_tranquillien: "Tranquillien"
 area_amani_catacombs: "Amani Catacombs"
 area_thalassian_pass: "Thalassian Pass"
 
 area_zul_aman: "Zul'Aman"
 area_zul_mashar: "Zul'Mashar"
 area_tuskcross: "Tuskcross"
 area_wild_shore: "Wild Shore"
 area_maisara_hills: "Maisara Hills"
 area_aman_tharon_keep: "Aman'Tharon Keep"
 
 area_stratholme: "Stratholme"
 area_quellithien_lodge: "Quel'Lithien Lodge"
 area_eastwall_tower: "Eastwall Tower"
 area_northdale: "Northdale"
 area_new_avalon: "New Avalon"
 area_corins_crossing: "Corin's Crossing"
 area_the_marris_stead: "The Marris Stead"
 area_eastwatch: "Eastwatch"
 area_plagueshore: "Plagueshore"
 
 area_scholomance: "Scholomance"
 area_lower_andorhal: "Hills of the Light"
 area_andorhal: "Andorhal"
 area_heartglen: "Heartglen"
 area_andorhal_fields: "Andorhal Fields"
 
 area_lordaeron_capital: "Lordaeron"
 area_tirisfal_bulwark: "Tirisfal Bulwark"
 area_scarlet_heartlands: "Scarlet Heartland"
 area_brill: "Brill"
 area_agamand: "Agamand"
 area_vandermar: "Vandermar"
 area_webbed_coast: "Webbed Coast"
 area_scarlet_coast: "Scarlet Coast"
 
 area_silverpine_fields: "Silverpine Farmlands"
 area_silverpine_crossing: "Silverpine Woods"
 area_ambermill: "Ambermill"
 area_shadowfang_keep: "Shadowfang Keep"
 
 area_northgate: "Northgate"
 area_gilneas_capital: "Gilneas"
 area_tempests_reach: "Tempest's Reach"
 area_the_blackwald: "The Blackwald"
 area_duskhaven: "Duskhaven"
 area_keel_harbor: "Keel Harbor"
 area_gilnean_islands: "Mossy Islands"
 area_purgation_isle: "Purgation Isle"
 area_tempest_isles: "Tempest Isle"
 area_havenswood: "Havenswood"
 area_drisburg: "Drisburg"
 
 area_dalaran: "Dalaran"
 area_alterac_headlands: "Alterac Headlands"
 area_alterac_heartland: "Alterac Heartland"
 area_strahnbrad: "Strahnbrad"
 area_dun_baldar: "Dun Baldar"
 area_frostwolf_keep: "Frostwolf Keep"
 
 area_southshore: "Southshore"
 area_tarren_mill: "Tarren Mill"
 area_durnholde_keep: "Durnholde Keep"
 area_eastpoint: "Eastpoint"
 
 area_farson_hold: "Farson Hold"
 area_the_restless_front: "The Restless Front"
 area_baradin_hold: "Baradin Hold"
 
 area_zul_dare: "Zul'Dare"
 
 area_boralus: "Boralus"
 area_freehold: "Freehold"
 area_vigil_hill: "Vigil Hill"
 area_norwington_estate: "Norwington Estate"
 area_anglepoint_wharf: "Anglepoint Wharf"
 area_fallhaven: "Fallhaven"
 area_aroms_stand: "Arom's Stand"
 area_waycrest_manor: "Waycrest Manor"
 area_brennadam: "Brennadam"
 area_sagehold: "Sagehold"
 area_tol_dagor: "Tol Dagor"
 area_isle_of_pirates: "Isle of Pirates"
 
 area_mechagon: "Mechagon"
 
 area_northfold: "Northfold"
 area_stromgarde: "Stromgarde"
 area_faldirs_cove: "Faldir's Cove"
 area_thandol_span: "Thandol Span"
 area_hammerfall: "Hammerfall"
 area_refuge_pointe: "Refuge Pointe"
 area_arathi_basin: "Arathi Basin"
 area_arathi_strand: "Arathi Strand"
 
 area_aerie_peak: "Aerie Peak"
 area_troll_lowlands: "Troll Lowlands"
 area_the_hinterlands: "Troll Hinterlands"
 area_troll_highlands: "Troll Highlands"
 area_seradane: "Seradane"
 area_revantusk: "Revantusk Village"
 area_lonesome_den: "Lonesome Den"
 area_zebjiri: "Zeb'jiri"
 
 area_menethil: "Menethil"
 area_wetland_marsh: "Wetland Swamp"
 area_whelgars_retreat: "Whelgar's Retreat"
 area_dun_modr: "Dun Modr"
 area_lower_wetlands: "Raptor Ridge"
 area_upper_wetlands: "Crumbling Cliffside"
 area_dun_algaz: "Dun Algaz"
 
 area_grim_batol: "Grim Batol"
 area_vermillion_redoubt: "Vermillion Redoubt"
 area_thundermar: "Thundermar"
 area_maw_of_madness: "Maw of Madness"
 area_kirkhaven: "Kirkhaven"
 area_obsidian_scar: "Obsidian Scar"
 area_twilight_shore: "Twilight Shore"
 area_bastion_of_twilight: "Elementium Depths"
 area_dragonmaw_port: "Dragonmaw Port"
 
 area_loch_modan_wildlands: "Loch Wildlands"
 area_loch_modan: "Loch Modan"
 area_thelsamar: "Thelsamar"
 area_valley_of_kings: "Valley of Kings"
 
 area_eastern_dun_morogh: "Snowy Drift"
 area_kharanos: "Kharanos"
 area_anvilmar: "Anvilmar"
 area_frostmane_hills: "Frostmane Depths"
 area_gnomeregan_exterior: "Gnomeregan Exterior"
 area_gnomeregan: "Gnomeregan"
 area_ironforge: "Ironforge"
 area_icewind_passage: "Icewind Passage"
 area_brewstall: "Brewstall"
 area_new_tinkertown: "New Tinkertown"
 area_frozen_shore: "Frozen Shore"
 area_frostsabre: "Frostsabre"
 
 area_fuselight: "Fuselight"
 area_uldaman: "Uldaman"
 area_new_kargath: "New Kargath"
 area_the_dustbowl: "The Dustbowl"
 
 area_the_cauldron: "The Cauldron"
 area_thorium_point: "Thorium Point"
 area_iron_summit: "Iron Summit"
 
 area_blackrock_mountain: "Blackrock Mountain"
 area_blackrock_exterior: "Blackrock Approach"
 area_blackrock_valley: "Blackrock Wastes"
 area_dreadmaul_rock: "Dreadmaul Rock"
 area_valley_of_ashes: "Valley of Ashes"
 area_chiselgrip: "Chiselgrip"
 area_ashen_shore: "Ashen Shore"
 
 area_redridge_trail: "Mountainous Trail"
 area_redridge_canyons: "Redridge Canyons"
 area_lakeshire: "Lakeshire"
 area_lakeshire_highway: "Lakeshire Highway"
 area_stonewatch: "Stonewatch"
 area_shalewind_bluffs: "Shalewind Bluffs"
 area_redridge_heights: "Redridge Heights"
 
 area_stormwind: "Royal Districts"
 area_lower_stormwind: "Lower Stormwind"
 area_stormwind_coast: "Stormwind Coast"
 area_goldshire: "Goldshire"
 area_northshire: "Northshire"
 area_westbrook: "Westbrook"
 area_westvale: "Westvale"
 area_eastvale: "Eastvale"
 area_stonecairn: "Stonecairn"
 
 area_stonard: "Stonard"
 area_splinterspear_bog: "Splinterspear Bog"
 area_swamps_of_sorrow: "Swamp of Sorrow"
 area_hills_of_sorrow: "Sorrowful Hills"
 area_sorrowmurk: "Sorrowmurk"
 area_crackling_banks: "Crackling Bog"
 area_stagalbog: "Stagalbog"
 area_misty_reed: "Misty Reed"
 
 area_serpents_coil: "Serpent's Coil"
 area_the_blasted_land: "Blasted Land"
 area_the_tainted_land: "Tainted Land"
 area_the_red_reaches: "The Red Reaches"
 area_the_shattered_landing: "The Shattered Landing"
 
 area_deadwind_pass: "Deadwind Pass"
 area_karazhan: "Karazhan"
 
 area_darkshire: "Darkshire"
 area_twisting_forest: "Twisting Forest"
 area_ravenhill: "Ravenhill"
 area_the_darkened_banks: "Darkened Banks"
 area_twilight_grove: "Twilight Grove"
 
 area_sentinel_hill: "Sentinel Hill"
 area_westfall_farmland: "Sentinel Farms"
 area_moonbrook: "Moonbrook"
 area_westfall_shore: "Moonbrook Shoreline"
 area_the_deadmines: "The Deadmines"
 
 area_upper_troll_ruins: "Bal'lal"
 area_kalai: "Kal'ai"
 area_kurzen_encampment: "Kurzen Encampment"
 area_zul_gurub: "Zul'Gurub"
 area_fort_livingston: "Fort Livingston"
 area_gurubashi_arena: "Gurubashi Arena"
 area_lower_troll_ruins: "Gurubashi Ruins"
 area_booty_bay: "Booty Bay"
 area_mistvale: "Misty Vale"
 area_jaguero_isle: "Jaguero Isle"
 area_zulakman: "Zul'Akman"
 
 # Kalimdor
 area_darnassus: "Darnassus"
 area_north_teldrassil: "North Teldrassil"
 area_south_teldrassil: "South Teldrassil"
 area_shadowglen: "Shadowglen"
 area_dolanaar: "Dolanaar"
 area_south_teldrassil: "Gnarlpine"
 area_ruttheran: "Rut'theran"
 
 area_kessels_crossing: "Kessel's Crossing"
 area_wrathscale: "Wrathscale"
 area_nazzivian: "Nazzivian"
 area_blood_watch: "Blood Watch"
 area_cryo_core: "The Cyro Core"
 area_axxarien: "Axxarien"
 area_wyrmscar_island: "Wyrmscar Island"
 area_loretharan: "Loreth'Aran"
 area_azurewatch: "Azurewatch"
 
 area_ammen_vale: "Ammen Vale"
 area_azure_watch:" Azure watch"
 area_wrathscale_point: "Wrathscale Point"
 area_exodar: "The Exodar"
 area_stillpine_hold: "Stillpine Hold"
 
 area_moonglade: "Moonglade"
 
 area_shatterspear_vale: "Shatterspear Vale"
 area_auberdinei: "Auberdinei"
 area_twilight_vale: "Twilight Vale"
 area_grove_of_the_ancients: "Grove of the Ancients"
 area_blackfathom_deep: "Blackfathom Deep"
 
 area_frostwhisper_gorge: "Frostwhisper Gorge"
 area_everlook: "Everlook"
 area_starfall_village: "Starfall Village"
 area_timbermaw_heartland: "Timbermaw Heartland"
 area_frostsaber_grounds: "Frostsaber Grounds"
 area_dread_chain: "Dread Chain"
 
 area_felpaw_village: "Felpaw Village"
 area_irontree_woods: "Irontree Forest"
 area_bloodvenom_post: "Bloodvenom Post"
 area_emerald_sanctuary: "Emerald Sanctuary"
 
 area_sethria_roost: "Sethria Roost"
 area_nordrassil: "Nordrassil"
 area_grove_of_aessina: "Grove of Aessina"
 area_hyjal_lowland: "Hyjal Scrubland"
 area_ascendants_circle: "Ascendant's Circle"
 area_upper_groves: "Upper Groves"
 area_grove_of_goldrinn: "Grove of Goldrinn"
 
 area_maestras_post: "Maestra's Post"
 area_astranaar: "Astranaar"
 area_raynewood_retreat: "Raynewood Retreat"
 area_splintertree_post: "Splintertree Post"
 area_forest_heart: "Forest Heart"
 area_felfire_hill: "Felfire Hill"
 
 area_the_shattered_strand: "The Shattered Strand"
 area_isle_of_arkkoran: "Isle of Arkkoran"
 area_northern_azshara_forests: "Legashi Wildlands"
 area_eldarath: "Eldarath"
 area_forlorn_ridge: "Forlorn Ridge"
 area_the_ruined_reaches: "The Ruined Reaches"
 area_shattered_isles: "Shattered Isles"
 
 area_orgrimmar: "Orgrimmar"
 area_orgrimmar_exterior: "Durotar Farmlands"
 area_razor_hill: "Razor Hill"
 area_echo_isles: "Echo Isles"
 area_valley_of_trials: "Valley of Trials"
 area_thunder_ridge: "Thunder Ridge"
 area_tiragarde_shore: "Tiragarde Shore"
 
 area_the_sludge_fen: "The Sludge Fen"
 area_southfury_river: "Southfury River"
 area_the_dry_hills: "The Dry Hills"
 area_the_crossroads: "The Crossroads"
 area_ratchet: "Ratchet"
 area_the_wailing_caverns: "The Wailing Caverns"
 area_forgotten_pools: "Forgotten Pools"
 area_raptor_grounds: "Raptor Grounds"
 area_fray_island: "Fray Island"
 area_dreadmist: "Dreadmist"
 area_farwatch: "Farwatch"
 
 area_northwatch_hold: "Northwatch Hold"
 area_honor_stand: "Honor Stand"
 area_overgrowth: "Overgrowth"
 area_taurajo: "Taurajo"
 area_desolation: "Desolation"
 area_blackthorn_ridge: "Blackthorn Ridge"
 area_the_great_lift: "The Great Lift"
 
 area_stonetalon_peak: "Stonetalon Peak"
 area_thaldarah_grove: "Thal'darah Grove"
 area_mirkfallon_lake: "Mirkfallon Lake"
 area_windshear_crag: "Windshear Crag"
 area_webwinder_path: "Webwinder Path"
 area_malaka_jin: "Malaka'jin"
 
 area_shok_thokar: "Shok'thokar"
 area_ranazjar_ruins: "Ranazjar Ruins"
 area_ranazjar_isle: "Ranazjar Isle"
 area_valley_of_spears: "Valley of Spears"
 area_gelkis_village: "Gelkis Village"
 area_sargeron: "Sargeron"
 area_ethel_rethor: "Ethel Rethor"
 area_kolkar_village: "Kolkar Village"
 area_tethris_aran: "Tethris Aran"
 area_thunderaxe_plains: "Thunder Axe Plains"
 area_outer_maraudon: "Outer Maraudon"
 area_inner_maraudon: "Inner Maraudon"
 area_thundering_coast: "Thundering Coast"
 area_kolkar_outpost: "Kolkar Outpost"
 area_mannoroc_dens: "Mannoroc Dens"
 
 area_thunderbluff: "Thunderbluff"
 area_wildmane_water_well: "Wildmane Water Well"
 area_red_rocks: "Red Rocks"
 area_thunderhorn_water_well: "Thunderhorn Water Well"
 area_winterhoof_waterwell: "Winterhoof Water Well"
 area_camp_narache: "Camp Narache"
 area_thornsnarl: "Thornsnarl"
 
 area_the_wrymbog: "The Wyrmbog"
 area_lost_point: "Lost Point"
 area_onyxia_lair: "Onyxia's Lair"
 area_tidefury_cove: "Tidefury Cove"
 area_theramore_isle: "Theramore Isle"
 area_dreadmurk_coast: "Dreadmurk Coast"
 area_blackhoof_marshes: "Blackhoof Marshes"
 area_alcaz_isle: "Alcaz Isle"
 area_wrymbog_coast: "Wrymbog Coast"
 area_mudsprocket: "Mudsprocket"
 
 area_splithoof_heights: "Splithoof Heights"
 area_the_shimmering_flats: "The Shimmering Flats"
 area_thousand_needles_canyons: "Dry Canyons"
 area_thousand_needles: "The Thousand Needles"
 area_highperch: "Highperch"
 area_southsea_holdfast: "Southsea Holdfast"
 
 area_lariss_pavillion: "Lariss Pavillion"
 area_camp_mojache: "Camp Mojache"
 area_isildien: "Isildien"
 area_diremaul: "Diremaul"
 area_diremaul_interior: "Diremaul Interior"
 area_forgotten_coast: "Forgotten Coast"
 area_sarnor_isle: "Sarnor Isle"
 area_camp_ataya: "Camp Ataya"
 area_dream_bough: "Dream Bough"
 area_writhing_deep: "Writhing Deep"
 area_high_wilderness: "High Wilderness"
 area_isle_of_dread: "Isle of Dread"
 
 area_cenarion_hold: "Cenarion Hold"
 area_hive_ash: "Hive Ash"
 area_hive_zora: "Hive Zora"
 area_hive_regal: "Hive Regal"
 area_inner_ahn_qiraj: "Inner Ahn'Qiraj"
 area_outer_ahn_qiraj: "Outer Ahn'Qiraj"
 area_inner_sanctum: "Inner Sanctum"
 area_skittering_sands: "Skittering Sands"
 area_seething_shore: "Seething Shore"
 
 area_lakkari_tar_pits: "Lakkari Tar Pits"
 area_the_roiling_gardens: "The Roiling Gardens"
 area_fire_plume_ridge: "Fire Plume Ridge"
 area_terror_run: "Terror Run"
 
 area_the_noxious_lair: "The Noxious Lair"
 area_valley_of_the_watchers: "Valley of the Watchers"
 area_southbank_shore: "Southbank Shore"
 area_the_gaping_chasm: "The Gaping Chasm"
 area_gadgetzan: "Gadgetzan"
 area_zulfarrak: "Zulfarrak"
 area_sandsorrow: "Sandsorrow"
 area_steamwheedle_port: "Steamwheedle Port"
 area_lands_end: "Land's End"
 area_dunemaul_grounds: "Dunemaul Grounds"
 area_dunemaul_grounds_two: "Dunemaul Grounds II"
 
 area_halls_of_origination: "Halls of Origination"
 area_obelisk_of_the_stars: "Obelisk of the Stars"
 area_ramkahen: "Ramkahen"
 area_obelisk_of_the_sun: "Obelisk of the Sun"
 area_obelisk_of_the_moon: "Obelisk of the Moon"
 area_neferset: "Neferset"
 area_lost_city_of_the_tolvir: "Lost City of the Tolvir"
 area_vortex_pinnacle: "Vortex Pinnacle"
 area_throne_of_the_four_winds: "Throne of the Four Winds"
 area_ruins_of_ammon: "Ruins of Ammon"
 area_skittering_dunes: "Skittering Dunes"
 area_akhenet: "Akhenet"
 area_pygmy_grounds: "Pygmy Grounds"
 area_sahket: "Sahket"
 
 # Outland
 area_the_dark_portal: "The Legion Front"
 area_throne_of_kil_jaeden: "Throne of Kil'jaeden (Outland)"
 area_cenarion_post: "Cenarion Post"
 area_contested_lands: "Contested Outposts"
 area_forge_camps_ridge: "Burning Legion Forge Camps"
 area_honor_hold: "Honor Hold"
 area_warp_fields: "Warp Fields"
 area_hellfire_citadel: "Hellfire Citadel (Outland)"
 area_maghar_post: "Maghar Post"
 area_falcon_watch: "Falcon Watch"
 area_spinebreaker_mountains: "Spinebreaker Mountains"
 area_thrallmar: "Thrallmar"
 
 area_telredor: "Telredor"
 area_umbrafen: "Umbrafen"
 area_coilfang: "Coilfang"
 area_sporeggar: "Sporeggar"
 area_zabra_jin: "Zangra'jin"
 area_marshlight: "Marshlight"
 area_ango_rosh_grounds: "Ango'rosh Grounds"
 
 area_shattrath: "Shattrath (Outland)"
 area_tuurem: "Tuurem (Outland)"
 area_contested_glade: "Raptor Glade"
 area_skettis: "Skettis (Outland)"
 area_upper_bone_wastes: "Bone Waste Approach"
 area_lower_bone_wastes: "The Bone Wastes"
 area_auchindoun: "Auchindoun (Outland)"
 area_bleeding_hollow_ruins: "Bleeding Hollow Ruins"
 
 area_burning_blade_ruins: "Burning Blade Ruins"
 area_telaar: "Telaar (Outland)"
 area_halaa: "Halaa"
 area_sunspring_post: "Sunspring Post"
 
 area_shadowmoon_wastes: "Shadowmoon Wastes"
 area_coilskar_point: "Coilskar Point"
 area_the_black_temple: "The Black Temple"
 area_the_hand_of_guldan: "The Hand of Guldan"
 area_wildhammer_stronghold: "Wildhammer Stronghold"
 area_sanctum_of_the_stars: "Sanctum of the Stars"
 area_netherwind_ledge: "Netherwind Ledge"
 
 area_ogrila: "Ogr'ila"
 area_ravens_wood: "Raven's Wood"
 area_bladespire: "Bladespire"
 area_sylvanaar: "Sylvanaar"
 area_thunderlord_stronghold: "Thunderlord Stronghold"
 area_ruuan_weald: "Ruuan Weald"
 area_crystal_spine: "Crystal Spine"
 area_gruuls_lair: "Gruul's Lair"
 area_deaths_door: "Death's Door"
 area_razor_ridge: "Razor Ridge"
 
 area_area_52: "Area 52"
 area_sunfury_hold: "Sunfury Hold"
 area_ecodome_midrealm: "Ecodome Midrealm"
 area_stormspire: "Stormspire"
 area_celestial_ridge: "Celestial Ridge"
 area_tempest_keep: "Tempest Keep"
 
 # Draenor
 area_bladespire_citadel: "Bladespire Citadel"
 area_worgol: "Wor'gol"
 area_frostwall: "Frostwall"
 area_daggermaw: "Daggermaw"
 area_gromgar: "Grom'gar"
 area_magnarok: "Magnarok"
 area_crackling_plains: "Crackling Plains"
 
 area_blackrock_foundry: "Blackrock Foundry"
 area_everbloom_wilds: "Everbloom Wilds"
 area_highpass: "Highpass"
 area_gronn_canyon: "Gronn Canyon"
 area_stonemaul_arena: "Stonemaul Arena"
 area_tangleheart: "Tangleheart"
 area_bastion_rise: "Bastion Rise"
 
 area_dark_portal_draenor: "Dark Portal: Draenor"
 area_fangrila: "Fang'rila"
 area_hellfire_citadel_draenor: "Hellfire Citadel"
 area_throne_of_kiljaeden: "Throne of Kil'jaeden"
 area_temple_of_shanaar: "Temple of Sha'naar"
 area_zethgol: "Zeth'gol"
 
 area_orunai: "Orunai"
 area_shattrath_draenor: "Shattrath"
 area_auchindoun_draenor: "Auchindoun"
 area_telmor: "Telmor"
 area_arunna: "Arunna"
 area_tuurem_draenor: "Tuurem"
 area_zangarra: "Zangarra"
 area_gordal_fortress: "Gordal Fortress"
 
 area_highmaul: "Highmaul"
 area_oshugun: "Oshu'gun"
 area_mokgol_outpost: "Mok'gol Outpost"
 area_ring_of_blood: "Ring of Blood"
 area_throne_of_elements: "Throne of Elements"
 area_telaar_draenor: "Telaar"
 area_hallvalor: "Hallvalor"
 
 area_lunarfall: "Lunarfall"
 area_anguish_fortress: "Anguish Fortress"
 area_embaari_village: "Embaari Village"
 area_elodor: "Elodor"
 area_karabor_draenor: "Karabor"
 area_shimmermoor: "Shimmermoor"
 area_shazgul: "Shaz'gul"
 area_darktide_roost: "Darktide Roost"
 
 area_skettis_draenor: "Skettis"
 area_skyreach: "Skyreach"
 area_bladefist_hold: "Bladefist Hold"
 area_bloodmane_valley: "Bloodmane Valley"
 area_howling_crag: "Howling Crag"
 
 area_blightstone: "Blightstone"
 area_crystalwood: "Crystalwood"
 
 area_ashran: "Ashran"
 
 # Northrend
 area_coldarra: "Coldarra"
 area_coast_of_echoes: "Coast of Echoes"
 area_gammoth: "Gammoth"
 area_farshire: "Farshire"
 area_bloodspore_plains: "Bloodspore Plains"
 area_riplash_ruins: "Riplash Ruins"
 area_isle_of_nasam: "Isle of Nasam"
 area_kaskala: "Kaskala"
 area_amber_ledge: "Amber Ledge"
 area_ruins_of_eldra_nath: "Ruins of Eldra'nath"
 area_the_geyser_fields: "The Geyser Fields"
 area_naxxanar: "Naxxanar"
 area_jorundall: "Jorundall"
 
 area_wintergrasp: "Wintergrasp"
 area_vault_of_archavon: "Vault of Archavon"
 
 area_stars_rest: "Stars Rest"
 area_moonrest_gardens: "Moonrest Gardens"
 area_moakai_harbor: "Moa'kai Harbor"
 area_wyrmrest_temple: "Wyrmrest Temple"
 area_south_dragon_nests: "South Dragon Nests"
 area_north_dragon_nests: "North Dragon Nests"
 area_south_hearthglen: "South Hearthglen"
 area_north_hearthglen: "North Hearthglen"
 area_galakronds_rest: "Galakrond's Rest"
 area_the_wrath_gate: "The Wrath Gate"
 area_scarlet_point: "Scarlet Point"
 area_wintergarde_keep: "Wintergarde Keep"
 area_naxxramas: "Naxxramas"
 area_dawns_reach: "Dawn's Reach"
 area_strand_of_the_ancients: "Strand of the Ancients"
 
 area_the_mosslight_pillar: "The Mosslight Pillar"
 area_the_suntouched_pillar: "The Suntouched Pillar"
 area_the_lifeblood_pillar: "The Lifeblood Pillar"
 area_the_glimmering_pillar: "The Glimmering Pillar"
 area_bittertide_lakeshore: "Bittertide Lakeshore"
 area_sapphire_hive: "Sapphire Hive"
 area_sholazar_shelf: "Sholazar Shelf"
 
 area_icecrown_interior: "Icecrown Citadel"
 area_aldurthar: "Aldurthar"
 area_the_conflagration: "The Conflagration"
 area_ymirheim: "Ymirheim"
 area_jotunheim: "Jotunheim"
 area_balagarde: "Balagarde"
 area_onslaught_harbor: "Onslaught Harbor"
 area_the_shadow_vault: "The Shadow Vault"
 area_accursed_cove: "Accursed Cove"
 area_argent_tournament: "Argent Tournament"
 area_north_valley_of_lost_hope: "North Valley of Lost Hope"
 area_south_valley_of_lost_hope: "South Valley of Lost Hope"
 area_argent_vanguard: "Argent Vanguard"
 area_the_broken_front: "The Broken Front"
 area_isle_of_conquest: "Isle of Conquest"
 
 area_k3: "K3"
 area_bunnhildar_village: "Bunnhildar Village"
 area_temple_of_storms: "Engine of Creation"
 area_valkyrion: "Valkyrion"
 area_frosthold: "Frosthold"
 area_inventors_library: "Inventor's Library"
 area_ulduar: "Ulduar"
 area_terrace_of_the_makers: "Terrace of the Makers"
 area_thunderfall: "Thunderfall"
 area_dun_niffelem: "Dun Niffelem"
 
 area_gundrak: "Gundrak"
 area_gundrak_raid: "Gundrak Raid"
 area_heb_drakkar: "Heb'Drakkar"
 area_rhunok: "Rhunok"
 area_zim_torga: "Zim'Torga"
 area_kolramas: "Kolramas"
 area_zim_abwa: "Zim'Abwa"
 area_drak_agal: "Drak'Agal"
 area_draktharon_keep: "Drak'Tharon Keep"
 area_zeramas: "Zeramas"
 area_voltarus: "Voltarus"
 area_ebon_watch: "Ebon Watch"
 area_jintha_kalar: "Jintha'Kalar"
 
 area_zeb_halak: "Zeb'Halak"
 area_venture_bay: "Venture Bay"
 area_granite_springs: "Granite Springs"
 area_voldrune: "Voldrune"
 area_amberpine_lodge: "Amberpine Lodge"
 area_grizzlemaw: "Grizzlemaw"
 area_heartwood: "Heartwood"
 area_thor_modan: "Thor Modan"
 area_redwood: "Redwood"
 area_camp_oneqwah: "Camp Oneqwah"
 area_dun_argol: "Dun Argol"
 area_bloodmoon_isle: "Bloodmoon Isle"
 area_broken_bluffs: "Broken Bluffs"
 
 area_forlorn_woods: "Forlorn Woods"
 area_unbound_thicket: "Unbound Thicket"
 area_sunr_and_windr_overlooks: "Sun and Wind Overlooks"
 area_dalaran_cs: "Dalaran: Crystalsong"
 
 area_gjalerbron: "Gjalerbron"
 area_skorn: "Skorn"
 area_ember_clutch: "Ember Clutch"
 area_kamagua: "Kamagua"
 area_new_agamand: "New Agamand"
 area_utgarde_keep: "Utgarde Keep"
 area_halvarde: "Halvarde"
 area_nifflevar: "Nifflevar"
 area_vengeance_landing: "Vegeance Landing"
 area_the_glades: "The Glades"
 area_jorundal: "Jorundal"

 # Pandaria
 area_hidden_valley: "Hidden Valley"
 
 area_isle_of_thunder: "Isle of Thunder"
 area_throne_of_thunder: "Throne of Thunder"
 
 area_isle_of_giants: "Isle of Giants"
 area_isle_of_bones: "Isle of Bones"
 
 area_timeless_isle: "Timeless Isle"
 
 area_pawdon_islands: "Paw'don Islands"
 area_moonwater_islands: "Moonwater Islands"
 area_jade_islands: "Jade Islands"
 area_windward_isle: "Windward Isle"
 area_thunder_islands: "Thunder Islands"
 area_pawdon_settlement: "Paw'don Settlement"
 area_moonwater: "Moonwater"
 area_temple_of_the_jade_serpent: "Temple of the Jade Serpent"
 area_dookin_grounds: "Dookin' Grounds"
 area_dawns_blossom: "Dawn's Blossom"
 area_tian_monastery: "Tian Monastery"
 area_honeydew_village: "Honeydew Village"
 area_jadebreeze_vale: "Jadebreeze Vale"
 area_pearlfin_village: "Pearlfin Village"
 area_arboretum: "The Arboretum"
 area_greenstone: "Greenstone Village"
 area_srila: "Sri-la Village"
 
 area_thunderfoot_fields: "Thunderfoot Fields"
 area_stormstout_fields: "Stormstout Fields"
 area_halfhill: "Halfhill"
 area_stoneplow: "Stoneplow"
 area_thunderfoot_overlook: "Thunderfoot Overlook"
 
 area_lions_landing: "Lion's Landing"
 area_anglers_wharf: "Angler's Wharf"
 area_ruins_of_dojan: "Ruins of Dojan"
 area_temple_of_the_red_crane: "Temple of the Red Crane"
 area_domination_point: "Domination Point"
 area_dawnchaser_retreat: "Dawnchaser Retreat"
 area_nayeli_lagoon: "Nayeli Lagoon"
 
 area_zan_vess: "Zan'vess"
 area_kypari_zar: "Kypari'zar"
 area_heart_of_fear: "Heart of Fear"
 area_horrid_march: "Horrid March"
 area_klaxxi_vess: "Klaxxi'vess"
 area_kor_vess: "Kor'vess"
 
 area_mogu_shan_palace: "Mogu'shan Palace"
 area_whitepetal_lake: "Whitepetal Lake"
 area_golden_plain: "Golden Plain"
 area_guo_lai_halls: "Guo-lai Halls"
 area_setting_sun_gate: "Setting Sun Gate"
 
 area_dusklight_hollow: "Dusklight Hollow"
 area_sumprushes: "Sumprushes"
 area_kri_vess: "Kir'vess"
 area_sik_vess: "Sik'vess"
 area_osul_basecamp: "Osul Basecamp"
 area_niuzao_temple: "Niuzao Temple"
 area_sra_vess: "Sra'vess"
 area_shan_ze_dao: "Shan-ze Dao"
 
 area_kun_lai: "Kun-lai"
 area_zouchin_village: "Zouchin Village"
 area_temple_of_the_white_tiger: "Temple of the White Tiger"
 area_kota_basecamp: "Kota Basecamp"
 area_mogujia: "Mogujia"
 area_shado_pan_garrison: "Shado-pan Garrison"
 area_binan_village: "Binan Village"
 area_yaungol_advance: "Yaungol Advance"
 area_snowblossom_isle: "Snowblossom Isle"
 
 # Broken Isles
 area_northern_highmountain: "Northern Highmountain"
 area_eastern_highmountain: "Eastern Highmountain"
 area_bloodtotem_highland: "Bloodtotem Highlands"
 area_skyhorn_grounds: "Breeding Grounds"
 area_central_highmountain: "Central Highmountain"
 area_neltharions_home: "Neltharion's Home"

 area_crescent_vale: "Crescent Vale"
 area_emerald_grove: "Emerald Grove"
 area_western_valsarah: "Val'sharah"
 area_cenarion_grove: "Cenarion Grove"
 area_andutalah: "Andu'talah"

 area_eye_of_the_storm: "Eye of The Storm"
 area_warden_stand: "Warden's Stand"
 area_oceanus_cove: "Oceanus Cove"
 area_azsuna_ruins: "Ruins of Azsuna"
 area_azuregos_sanctum: "Azuregos' Sanctuary"
 area_zarkhenar: "Zark'henar"

 area_suramar_city: "Suramar City"
 area_broken_shore: "Broken Shore"
 area_arcandor_ruins: "Arcan'dor Ruins"
 area_jondvik: "Jandvik"
 area_moonguard: "Moonguard Ruins"

 area_valkyrian_lands: "Valkyrian Grounds"
 area_halls_of_valor: "Lands of Valor"
 area_tideskorn_coast: "Tideskorn Coast"
 area_eastern_stormheim: "Eastern Stormheim"
 area_helheim_entrance: "Helheim"
 area_storm_drake_hills: "Storm Drake Hills"
 
 # Zandalar
 area_dazar_alor: "Dazar'alor"
 area_xibala: "Xibala"
 area_atal_gral: "Atal'gral"
 
 area_shatterstone_harbor: "Shatterstone Harbor"
 area_atul_aman: "Atul'aman"
 area_slithering_gulch: "Slithering Gulch"
 
 area_heart_of_darkness: "Heart of Darkness"
 area_the_necropolis: "The Necropolis"
 area_nazmir_islands: "Nazmir Islands"
 
 # Plunder Isle
 area_plunder_bay: "Plunder Bay"
 area_bloodbush: "Bloodbush"
 area_fools_ridge: "Fool's Ridge"
 area_isles_of_plunder: "Isles of Plunder"
 area_kunza_kunza: "Kunza-Kunza"
 
 # Deepholm
 area_deepholm: "Deepholm"

 # Lost Isles
 area_the_erupted_mountain: "The Erupted Mountain"
 area_vashj_elan: "Vashj'elan"
 area_wild_overlook: "Wild Overlook"
 
 # Kezan
 area_bilgewater_port: "Bilgewater Port"
 area_drudgetown: "Drudgetown"
 area_mt_kajaro: "Mount Kajaro"
 area_port_kajaro: "Port Kajaro"
 area_glimmering_isle: "Glimmering Isle"
 
 # Vash'jir
 area_kelpthar_forest: "Kelp'thar Forest"
 area_shimmering_grotto: "Shimmering Grotto"
 area_abyssal_depths: "Abyssal Depths"
 area_balor: "Balor"
 
 # Nazjatar
 area_mezzamere: "Mezzamere"
 area_zinazshari: "Zin'azshari"
 
 # South Sea
 area_tel_abim: "Tel'Abim"
 area_molten_cay: "Molten Cay"
 area_verdant_wilds: "Verdant Wilds"
 area_isle_of_skulls: "Isle of Skulls"
 
 # Paradise Isles
 area_darkspear_isles: "Darkspear Isles"
 area_glave_isles: "Glave Isles"
 area_north_paradise_isles: "North Paradise Isles"
 area_south_paradise_isles: "South Paradise Isles"
 area_rotting_mire: "Rotting Mire"
 
 # Dragon Isles
 area_yevagos: "Yevagos"
 area_nevorin: "Nevorin"
 area_sirzax: "Sirrax"
 area_myndythan: "Myndythan"
 area_phylore: "Phylore"
 area_limsyla: "Limsyla"
 
 area_avezu: "Avezu"
 area_nasovi: "Nasovi"
 area_tesevun: "Tesevun"
 area_sathorin: "Sathorin"
 area_tinotus: "Tinotus"
 area_zasevusi: "Zasevusi"
 area_atakun: "Atakun"
 
 area_zaxrose: "Zaxrose"
 area_lostarin: "Lostarin"
 area_elgudan: "Elgudan"
 area_vurre: "Vurre"
 area_ascegos: "Ascegos"
 area_canvia: "Canvia"
 area_veldyina: "Veldyina"
 area_almeligos: "Almeligos"
 area_ezyrun: "Ezyrun"
 area_gennizen: "Gennizen"
 area_dalgim: "Dalgim"
 area_dridazan: "Dridazan"
 area_kiarron: "Kirarron"
 area_onaddan: "Onaddan"
 area_leivazun: "Leivazun"
 area_atocin: "Atocin"
 
 area_eralina: "Eralina"
 area_zyrtila: "Zyrtila"
 area_illvel: "Illvel"
 area_zofelia: "Zofelia"
 area_adrena: "Adrena"
 area_emania: "Emania"
 area_hugari: "Hugari"
 area_hygemia: "Hygemia"
 area_mevrash: "Mevrash"
 area_ishondran: "Ishondran"
 area_ontheran: "Ontheran"
 area_levsykan: "Levsykan"
 area_oxistryia: "Oxistryia"
 area_sixrest: "Sixrest"
 
 # Others
 area_uncolonizable: "Uncolonizable"
 
 #-----------------------------------------------
 # Azeroth - Ocean
 #-----------------------------------------------
 # Coast
 area_pandarian_coast: "Pandarian Coast"
 area_maelstrom_coast: "Swirling Coast"
 area_broken_isles_coast: "Broken Coast"
 area_kul_tiras_coast: "Tirasian Coast"
 area_zandalar_coast: "Zandalari Coast"
 area_plunder_coast: "Plunder Coast"
 area_south_sea_coast: "South Sea Coast"
 area_northrend_coast: "Northrend Coast"
 area_ek_south_coast: "South Azerothian Coast"
 area_ek_central_coast: "Central Azerothian Coast"
 area_ek_north_coast: "Norht Azerothian Coast"
 area_kalimdor_south_coast: "North Kalimdor Coast"
 area_kalimdor_north_coast: "South Kalimdor Coast"
 area_dragon_isles_east_coast: "East Draconic Coast"
 area_dragon_isles_west_coast: "West Draconic Coast"
 area_dragon_isles_north_coast: "North Draconic Coast"
 area_dragon_isles_south_coast: "South Draconic Coast"
 
 # Sea
 area_southern_ocean: "Southern Ocean"
 area_maelstrom_ocean: "Swirling Ocean"
 area_zandalar_ocean: "Roaring Ocean"
 area_kalimdor_north_east: "Frigid Ocean"
 area_kalimdor_west: "Forgotten Ocean"
 area_ek_north_west: "Chilling Ocean"
 area_ek_south_west: "Bellowing Ocean"
 area_ek_east: "Lost Ocean"
 area_dragon_isles_east_ocean: "East Draconic Ocean"
 area_dragon_isles_west_ocean: "West Draconic Ocean"
 area_dragon_isles_north_ocean: "North Draconic Ocean"
 area_dragon_isles_south_ocean: "South Draconic Ocean"
 
 #-----------------------------------------------
 # Outland - Ocean
 #-----------------------------------------------
 # Coast
 area_outland_north_coast: "Outland: North Coast"
 area_outland_east_coast: "Outland: East Coast"
 area_outland_west_coast: "Outland: West Coast"
 
 # Sea
 area_outland_north_sea: "Outland: Northern Ocean"
 area_outland_south_sea: "Outland: Southern Ocean"
 
 #-----------------------------------------------
 # Draenor - Ocean
 #-----------------------------------------------
 area_draenor_north_coast: "Draenor: North Coast"
 area_draenor_east_coast: "Draenor: East Coast"
 area_draenor_south_coast: "Draenor: South Coast"
 area_draenor_west_coast: "Draenor: West Coast"
 area_draenor_north_sea: "Draenor: Northern Ocean"
 area_draenor_south_sea: "Draenor: Southern Ocean"
 
 #-----------------------------------------------
 # Canals
 #-----------------------------------------------
 ula_tek_canal: "Ula-tek Canal"
 